pollutant_id,pollutant_code,pollutant_name,averaging_minutes,max_plausible_ugm3
1,SO2,Biossido di zolfo,60,5000
5,PM10,PM10,1440,2000
7,O3,Ozono,60,1000
8,NO2,Biossido di azoto,60,2000
9,NOX,Ossidi di azoto,60,5000
10,CO,Monossido di carbonio,60,100000
20,C6H6,Benzene,60,500
21,C7H8,Toluene,60,
35,NH3,Ammoniaca,60,
38,NO,Monossido di azoto,60,3000
82,C8H10,o-xilene,60,
111,PM2.5,PM2.5,1440,1500
128,PM1,PM1,1440,1500
129,P>0.28,Particelle > 0.28 um,60,
130,P>0.4,Particelle > 0.4 um,60,
131,P>0.5,Particelle > 0.5 um,60,
132,P>0.7,Particelle > 0.7 um,60,
133,P>1.1,Particelle > 1.1 um,60,
134,P>2,Particelle > 2 um,60,
135,P>3,Particelle > 3 um,60,
136,P>5,Particelle > 5 um,60,
